client_id,display_name,email,segment_id,period,as_of,portfolio_value,quarter_return_pct,benchmark_return_pct,risk_level,alloc_alternatives,alloc_cash,alloc_fixed_income,alloc_intl_equity,alloc_real_assets,alloc_us_equity,attr_alternatives,attr_cash,attr_fixed_income,attr_intl_equity,attr_real_assets,attr_us_equity,attr_fees,fee_advisory,fee_fund,flow_contributions,flow_withdrawals
C2001,Rajesh Rangarajan,rajesh.k-rangarajan@capgemini.com,growth_equity,2026Q2,2026-06-30,2246006.67,3.8,3.77,Growth,0.0,5.2,15.4,18.7,4.8,55.9,0.0,0.05,0.1,0.85,0.12,3.02,-0.34,5615.02,2021.41,10000.0,0.0
C2002,Sai Vivek Katkuri,sai-vivek.katkuri@capgemini.com,balanced_growth,2026Q2,2026-06-30,1546844.17,4.14,2.99,Moderate,0.0,6.9,32.9,14.0,7.5,38.7,0.0,0.07,0.44,0.49,0.25,3.23,-0.34,3867.11,1392.16,6500.0,0.0
C2003,Vivek Katkuri,saivivek0192@gmail.com,aggressive_growth,2026Q2,2026-06-30,3496695.36,4.62,4.11,Aggressive,5.2,2.6,7.5,21.3,0.0,63.4,0.03,0.03,0.07,1.23,0.0,3.6,-0.34,8741.74,3147.03,18000.0,0.0
C2004,S V Katkuri,saivivekkatkuri@gmail.com,conservative_income,2026Q2,2026-06-30,943177.12,1.76,1.88,Conservative,0.0,9.6,54.3,7.5,7.8,20.8,0.0,0.09,0.22,0.34,0.26,1.19,-0.34,2357.94,848.86,0.0,4000.0
C1013,Ruthuhasa,ruthuhasa03@gmail.com,retirement_drawdown,2026Q2,2026-06-30,1466736.97,1.92,2.19,Conservative,0.0,10.5,46.9,9.5,8.4,24.7,0.0,0.1,0.36,0.5,0.13,1.17,-0.34,3666.84,1320.06,0.0,8000.0
C2005,Sachin Singh,sachin.a.singh@capgemini.com,esg_tilt,2026Q2,2026-06-30,1902116.18,1.74,3.36,Moderate,0.0,5.3,21.5,20.7,8.4,44.1,0.0,0.05,0.05,0.86,0.01,1.11,-0.34,4755.29,1711.9,7500.0,0.0
C2006,Kamraj Mani,kamraj.mani@capgemini.com,balanced_growth,2026Q2,2026-06-30,2799297.29,2.19,2.99,Moderate,0.0,7.5,28.6,15.6,8.3,40.0,0.0,0.08,0.09,0.2,0.03,2.13,-0.34,6998.24,2519.37,11000.0,0.0
C2007,Sudhanshu Singh,sudhanshu-kumar.singh@capgemini.com,growth_equity,2026Q2,2026-06-30,915279.43,3.1,3.77,Growth,0.0,5.5,15.4,20.2,5.0,53.9,0.0,0.05,0.01,0.86,0.17,2.35,-0.34,2288.2,823.75,4500.0,0.0
C2008,Riya Varghese,riya.a.varghese@capgemini.com,conservative_income,2026Q2,2026-06-30,1192652.09,1.75,1.88,Conservative,0.0,9.6,56.5,8.0,6.2,19.7,0.0,0.1,0.67,0.28,0.13,0.91,-0.34,2981.63,1073.39,0.0,5500.0
